Nb elements;CPU Time
0;0.015328
2;0.003680
4;0.004128
6;0.004928
8;0.016384
10;0.055296
12;0.179072
14;0.695392
16;2.918080
18;10.748704
20;49.098751
22;220.432388
