Nb elements;CPU Time
0;0.006000
2;0.003000
4;0.002000
6;0.009000
8;0.021000
10;0.072000
12;0.274000
14;0.798000
16;3.277000
18;12.849000
20;45.078999
