Nb elements;GPU Time
0;1.379200
2;0.916128
4;0.839808
6;0.821856
8;0.811712
10;0.838272
12;1.197088
14;1.453024
16;2.533504
18;6.664800
20;33.085793
