Nb elements;CPU Time
0;0.015000
2;0.004000
4;0.004000
6;0.007000
8;0.017000
10;0.053000
12;0.119000
14;0.470000
16;1.813000
18;7.390000
20;35.327999
