Nb elements;GPU Time
0;1.501792
2;1.127552
4;1.217312
6;1.126048
8;1.182016
10;1.266560
12;1.300000
14;1.702176
16;3.785632
18;11.314560
20;44.265759
22;186.936386
