Nb elements;GPU Time
0;0.006000
2;0.003000
4;0.004000
6;0.004000
8;0.011000
10;0.037000
12;0.165000
14;0.610000
16;2.545000
18;10.206000
20;53.051998
