Nb elements;GPU Time
0;1.426560
2;1.128768
4;1.065248
6;1.016224
8;1.536608
10;1.203680
12;1.127200
14;1.420416
16;1.891840
18;3.595360
20;11.781568
