Nb elements;CPU Time
0;0.004000
2;0.004000
4;0.007000
6;0.049000
8;0.470000
10;4.991000
12;55.360001
14;889.333008
16;14337.690430
18;230203.515625
20;3696300.500000
