Nb elements;GPU Time
0;0.999648
2;0.836768
4;0.809472
6;0.809440
8;0.798208
10;0.820864
12;0.980896
14;1.292096
16;1.899808
18;5.838272
20;14.149600
