Nb elements;CPU Time
0;0.005000
2;0.005000
4;0.006000
6;0.014000
8;0.040000
10;0.072000
12;0.286000
14;1.331000
16;5.803000
18;23.247999
20;83.199997
