Nb elements;GPU Time
0;0.998368
2;1.660480
4;0.818560
6;0.810048
8;0.801920
10;0.826336
12;1.009920
14;1.467392
16;2.457536
18;6.971200
20;21.601152
