Nb elements;CPU Time
0;0.004000
2;0.004000
4;0.005000
6;0.008000
8;0.018000
10;0.030000
12;0.112000
14;0.508000
16;2.318000
18;10.096000
20;37.888000
