Nb elements;CPU Time
32;0.018000
64;0.030000
96;0.077000
128;0.177000
160;0.303000
192;0.471000
224;0.682000
256;0.946000
288;1.308000
320;1.604000
352;2.144000
384;2.456000
416;2.824000
448;3.232000
480;4.176000
512;4.736000
