Nb elements;GPU Time
0;1.011968
2;0.849856
4;0.819872
6;0.825504
8;0.804384
10;0.825536
12;0.960192
14;1.297248
16;1.857216
18;4.945216
20;12.367744
