Nb elements;GPU Time
0;1.022944
2;0.849440
4;0.821184
6;0.816640
8;0.836480
10;0.853632
12;1.012832
14;1.491072
16;2.443648
18;6.821184
20;23.715233
