Nb elements;CPU Time
0;0.004000
2;0.004000
4;0.005000
6;0.008000
8;0.019000
10;0.031000
12;0.121000
14;0.624000
16;2.778000
18;10.704000
20;40.959999
