Nb elements;CPU Time
0;0.003000
2;0.004000
4;0.004000
6;0.007000
8;0.016000
10;0.026000
12;0.099000
14;0.470000
16;1.928000
18;8.224000
20;33.535999
