Nb elements;GPU Time
0;1.008096
2;0.846336
4;0.812896
6;0.818464
8;0.814656
10;0.828512
12;0.963776
14;1.265952
16;1.855712
18;4.924192
20;12.494336
