Nb elements;GPU Time
0;1.003840
2;0.844640
4;0.814944
6;0.820608
8;0.815744
10;0.850560
12;1.025728
14;1.489920
16;2.620768
18;6.825408
20;19.495329
