Nb elements;CPU Time
0;0.004000
2;0.004000
4;0.005000
6;0.008000
8;0.019000
10;0.030000
12;0.120000
14;0.597000
16;2.711000
18;10.352000
20;40.959999
