Nb elements;CPU Time
0;0.004000
2;0.003000
4;0.004000
6;0.007000
8;0.015000
10;0.023000
12;0.088000
14;0.408000
16;1.763000
18;7.632000
20;31.232000
