Nb elements;GPU Time
0;1.007328
2;0.839680
4;0.814112
6;0.818560
8;0.812032
10;3.163744
12;0.972448
14;1.242944
16;1.936256
18;4.933280
20;12.337696
