Nb elements;GPU Time
0;1.002656
2;0.854816
4;0.817280
6;0.804704
8;0.805344
10;1.100224
12;1.010048
14;1.405408
16;2.396800
18;6.743424
20;19.708864
