Nb elements;CPU Time
0;0.004000
2;0.003000
4;0.004000
6;0.007000
8;0.013000
10;0.021000
12;0.087000
14;0.441000
16;2.085000
18;7.840000
20;30.976000
