Nb elements;CPU Time
0;0.003000
2;0.004000
4;0.004000
6;0.007000
8;0.017000
10;0.028000
12;0.108000
14;0.478000
16;2.047000
18;8.768000
20;35.840000
