Nb elements;GPU Time
0;0.986016
2;0.840032
4;0.890848
6;0.811872
8;0.829952
10;1.076896
12;0.918208
14;1.244416
16;1.859264
18;4.952384
20;12.322144
