Nb elements;GPU Time
0;0.894272
2;0.826432
4;0.815296
6;0.806400
8;0.814880
10;1.101120
12;1.159616
14;1.437152
16;2.481248
18;6.908544
20;22.938911
