Nb elements;CPU Time
0;0.003000
2;0.004000
4;0.005000
6;0.008000
8;0.019000
10;0.031000
12;0.121000
14;0.593000
16;2.668000
18;10.256000
20;40.448002
