Nb elements;CPU Time
0;0.002336
2;0.002144
4;0.003328
6;0.005888
8;0.012000
10;0.035392
12;0.098528
14;0.370048
16;1.512192
18;5.794304
20;23.865343
22;195.900162
