Nb elements;CPU Time
0;0.002000
2;0.003000
4;0.002000
6;0.006000
8;0.014000
10;0.045000
12;0.158000
14;0.696000
16;2.832000
18;11.316000
20;42.398998
