Nb elements;GPU Time
0;1.202752
2;0.888768
4;0.827296
6;0.811968
8;0.788864
10;0.839392
12;1.153952
14;1.535712
16;3.037920
18;8.596480
20;36.753345
