Nb elements;CPU Time
0;0.007000
2;0.005000
4;0.004000
6;0.029000
8;0.019000
10;0.067000
12;0.132000
14;0.539000
16;2.376000
18;10.346000
20;51.776001
