Nb elements;GPU Time
0;0.002000
2;0.002000
4;0.001000
6;0.003000
8;0.010000
10;0.020000
12;0.081000
14;0.312000
16;1.231000
18;4.917000
20;19.979000
