Nb elements;GPU Time
0;1.261248
2;1.225152
4;1.181760
6;5.729856
8;1.241472
10;1.192064
12;1.260960
14;1.470528
16;2.518528
18;6.298336
20;22.621696
22;174.590332
