Nb elements;GPU Time
0;0.903040
2;0.822656
4;0.806688
6;0.809280
8;0.809312
10;1.076480
12;6.108768
14;1.235200
16;1.866016
18;4.825280
20;14.827232
