Nb elements;CPU Time
0;0.033000
2;0.004000
4;0.005000
6;0.008000
8;0.023000
10;0.039000
12;0.149000
14;0.660000
16;2.773000
18;11.552000
20;46.591999
