Nb elements;CPU Time
0;0.004000
2;0.004000
4;0.005000
6;0.010000
8;0.026000
10;0.043000
12;0.173000
14;0.847000
16;3.492000
18;13.856000
20;53.759998
