Nb elements;GPU Time
0;0.885056
2;0.826112
4;0.814816
6;0.805760
8;0.815424
10;1.108768
12;1.202304
14;1.466272
16;2.712992
18;6.885280
20;20.115072
