Nb elements;CPU Time
0;0.005000
2;0.004000
4;0.005000
6;0.008000
8;0.020000
10;0.032000
12;0.122000
14;0.536000
16;2.283000
18;9.904000
20;39.424000
