Nb elements;GPU Time
0;0.902080
2;0.841888
4;0.819840
6;0.812064
8;0.810784
10;1.061408
12;1.126048
14;1.239104
16;1.899744
18;4.906048
20;13.041824
