Nb elements;CPU Time
0;0.004000
2;0.004000
4;0.005000
6;0.009000
8;0.024000
10;0.043000
12;0.167000
14;0.802000
16;3.410000
18;13.632000
20;52.480000
