Nb elements;GPU Time
0;0.887072
2;0.831584
4;0.822464
6;0.812352
8;0.828544
10;1.100480
12;1.179168
14;1.429952
16;2.540384
18;6.912768
20;29.553633
