Nb elements;CPU Time
0;0.004096
2;0.002880
4;0.004352
6;0.014112
8;0.083968
10;0.601696
12;4.297664
14;34.139969
16;278.755127
18;2854.666260
20;29588.603516
22;478705.343750
