Nb elements;CPU Time
0;0.004000
2;0.003000
4;0.005000
6;0.023000
8;0.128000
10;0.916000
12;6.928000
14;34.632000
16;277.110016
18;2866.049072
20;30018.554688
