Nb elements;CPU Time
0;0.003000
2;0.004000
4;0.004000
6;0.006000
8;0.013000
10;0.039000
12;0.076000
14;0.315000
16;1.469000
18;6.547000
20;28.431999
