Nb elements;GPU Time
0;1.095360
2;0.888032
4;0.812256
6;0.789472
8;0.796384
10;0.820800
12;1.093952
14;1.262560
16;1.717408
18;3.566176
20;10.245024
