Nb elements;GPU Time
0;1.240896
2;1.152064
4;1.161568
6;1.385568
8;1.179392
10;1.211968
12;1.349120
14;1.762016
16;3.476320
18;11.358112
20;39.960033
22;332.320953
