Nb elements;GPU Time
0;1.520800
2;1.147840
4;1.120288
6;1.115296
8;1.152416
10;1.108288
12;1.252288
14;1.731552
16;3.070400
18;14.289920
20;32.022305
