Nb elements;CPU Time
0;0.011000
2;0.004000
4;0.003000
6;0.006000
8;0.013000
10;0.038000
12;0.105000
14;0.608000
16;2.724000
18;10.902000
20;49.919998
