Nb elements;CPU Time
0;0.007296
2;0.003040
4;0.003872
6;0.005312
8;0.013280
10;0.023552
12;0.091136
14;0.355616
16;1.343328
18;5.371424
20;21.786655
22;203.777023
