Nb elements;GPU Time
0;1.081312
2;0.880928
4;0.808224
6;0.807200
8;0.797120
10;0.809312
12;1.109184
14;1.380160
16;2.249056
18;5.284928
20;17.099232
