Nb elements;CPU Time
0;0.003000
2;0.004000
4;0.005000
6;0.007000
8;0.014000
10;0.041000
12;0.085000
14;0.512000
16;1.908000
18;8.285000
20;33.680000
