Nb elements;GPU Time
0;0.012000
2;0.005000
4;0.006000
6;0.006000
8;0.012000
10;0.022000
12;0.077000
14;0.281000
16;1.087000
18;4.306000
20;17.128000
