Nb elements;GPU Time
0;1.331936
2;1.113632
4;1.110624
6;1.212512
8;1.117824
10;1.142208
12;1.211488
14;1.353440
16;2.312960
18;5.589888
20;19.471584
22;157.954041
