Nb elements;CPU Time
0;0.002000
2;0.002000
4;0.002000
6;0.004000
8;0.009000
10;0.029000
12;0.069000
14;0.340000
16;1.428000
18;6.065000
20;25.143999
