Nb elements;CPU Time
0;0.002048
2;0.001824
4;0.001984
6;0.003232
8;0.008448
10;0.016416
12;0.066624
14;0.268288
16;0.976864
18;3.965984
20;15.945568
22;104.130852
