Nb elements;CPU Time
0;0.033000
2;0.003000
4;0.019000
6;0.006000
8;0.016000
10;0.053000
12;0.098000
14;0.445000
16;1.958000
18;8.482000
20;36.655998
