Nb elements;GPU Time
0;1.092768
2;0.899136
4;0.792224
6;0.798272
8;0.801024
10;0.806304
12;1.097888
14;1.311008
16;1.752640
18;3.642400
20;10.055360
