Nb elements;GPU Time
32;1.205920
64;1.127264
96;1.087776
128;2.066400
160;1.131552
192;1.219904
224;1.265696
256;3.158720
288;1.676160
320;1.745824
352;1.860352
384;1.998464
416;2.175712
448;2.349024
480;2.501312
512;3.392864
