Nb elements;GPU Time
0;1.255424
2;1.140960
4;1.134336
6;1.220640
8;1.144768
10;1.155584
12;1.215072
14;1.349056
16;2.008864
18;4.339616
20;19.652479
22;95.103844
