Nb elements;GPU Time
0;0.002000
2;0.002000
4;0.002000
6;0.003000
8;0.006000
10;0.015000
12;0.051000
14;0.224000
16;0.841000
18;3.357000
20;13.800000
