Nb elements;CPU Time
0;0.002048
2;0.002048
4;0.001760
6;0.002080
8;0.003904
10;0.006144
12;0.022144
14;0.083744
16;0.330976
18;1.343488
20;5.375136
22;21.409599
