Nb elements;CPU Time
0;0.001000
2;0.001000
4;0.001000
6;0.001000
8;0.003000
10;0.010000
12;0.021000
14;0.082000
16;0.340000
18;1.334000
20;5.348000
