Nb elements;GPU Time
0;1.098080
2;0.844928
4;0.833120
6;0.800224
8;0.799648
10;0.815584
12;1.128608
14;1.416352
16;2.356288
18;5.370560
20;17.183041
