Nb elements;CPU Time
0;0.004000
2;0.004000
4;0.007000
6;0.008000
8;0.022000
10;0.074000
12;0.156000
14;0.767000
16;2.993000
18;12.450000
20;49.695999
