Nb elements;GPU Time
0;1.135072
2;1.103872
4;1.105600
6;1.122272
8;1.129888
10;1.141920
12;1.136544
14;1.126880
16;1.229120
18;1.558272
20;2.647200
22;6.089024
