Nb elements;GPU Time
0;1.128544
2;1.086144
4;1.085344
6;1.087424
8;1.022304
10;1.016256
12;1.100992
14;1.102432
16;1.248320
18;1.675008
20;2.457952
