Nb elements;CPU Time
0;0.001856
2;0.001888
4;0.002080
6;0.004000
8;0.009600
10;0.018176
12;0.067648
14;0.283264
16;1.061024
18;5.471328
20;22.310816
22;225.403488
