Nb elements;CPU Time
0;0.002000
2;0.002000
4;0.002000
6;0.004000
8;0.008000
10;0.027000
12;0.064000
14;0.248000
16;1.013000
18;5.200000
20;31.577999
