Nb elements;CPU Time
0;0.004000
2;0.004000
4;0.004000
6;0.006000
8;0.023000
10;0.053000
12;0.077000
14;0.352000
16;1.635000
18;7.335000
20;29.344000
