Nb elements;GPU Time
0;1.089888
2;0.816864
4;0.794880
6;0.794464
8;0.790816
10;0.798848
12;1.142784
14;1.277184
16;1.725888
18;3.592736
20;9.932608
