Nb elements;GPU Time
0;1.110016
2;1.101184
4;1.094432
6;1.110208
8;1.084800
10;1.034560
12;1.112576
14;1.244096
16;1.693216
18;3.236480
20;8.783776
