Nb elements;GPU Time
0;1.141760
2;1.279584
4;1.147104
6;1.131008
8;2.813792
10;1.154912
12;1.216864
14;1.258752
16;1.821152
18;3.709632
20;10.908352
22;77.906723
