Nb elements;CPU Time
0;0.004000
2;0.004000
4;0.005000
6;0.008000
8;0.016000
10;0.052000
12;0.103000
14;0.595000
16;2.272000
18;9.715000
20;51.439999
