Nb elements;GPU Time
0;1.076512
2;0.810816
4;0.794912
6;0.798400
8;0.857376
10;0.812288
12;1.093792
14;1.484960
16;2.359008
18;5.331648
20;17.179041
