Nb elements;CPU Time
0;0.004000
2;0.004000
4;0.004000
6;0.006000
8;0.013000
10;0.043000
12;0.078000
14;0.357000
16;1.644000
18;7.325000
20;29.375999
