Nb elements;GPU Time
0;1.083488
2;0.860928
4;0.854816
6;0.791008
8;0.799136
10;0.809536
12;0.943296
14;1.283168
16;1.751488
18;3.701344
20;10.055680
