Nb elements;CPU Time
0;0.004000
2;0.004000
4;0.004000
6;0.008000
8;0.018000
10;0.057000
12;0.114000
14;0.640000
16;2.456000
18;10.431000
20;41.616001
