Nb elements;GPU Time
0;0.987712
2;0.833504
4;0.802624
6;0.795680
8;0.793728
10;0.816160
12;0.980672
14;1.394944
16;2.293440
18;5.347776
20;17.249599
